ID,Username,Password,Type,Email
1,TylerWallentine,Password1,Administrator,TylerWallentine@BonnevilleSuites.com
2,JosephFarmer,Password2,Administrator,JosephFarmer@BonnevilleSuites.com
3,DeviSankalp,Password3,Administrator,DeviSankalp@BonnevilleSuites.com
4,JohnDeGrey,Password4,Administrator,JohnDeGrey@BonnevilleSuites.com
5,DavidGreen,welcome,Employee,DavidGreen@BonnevilleSuites.com
6,AlexisWilliams,cookie,Employee,AlexisWilliams@BonnevilleSuites.com
7,JessicaTorres,peaches,Employee,JessicaTorres@BonnevilleSuites.com
8,JacobFlores,princess,Employee,JacobFlores@BonnevilleSuites.com
9,EmilyGarcia,password123,Employee,EmilyGarcia@BonnevilleSuites.com
10,OliviaGreen,whatever,Employee,OliviaGreen@BonnevilleSuites.com
11,JohnAllen,letmein!,Employee,JohnAllen@BonnevilleSuites.com
12,EmilyThompson,jordan23,Employee,EmilyThompson@BonnevilleSuites.com
13,ElizabethWright,rockyou,Employee,ElizabethWright@BonnevilleSuites.com
14,VictoriaScott,flower,Employee,VictoriaScott@BonnevilleSuites.com
15,AndrewWilson,rockyou,Employee,AndrewWilson@BonnevilleSuites.com
16,DanielWilliams,jordan23,Employee,DanielWilliams@BonnevilleSuites.com
17,ChristopherSmith,cookie,Employee,ChristopherSmith@BonnevilleSuites.com
18,JaneHill,princess,User,JaneHill@gmail.com
19,SarahLee,baseball,User,SarahLee@gmail.com
20,TaylorKing,letmein!,User,TaylorKing@gmail.com
21,SarahMartinez,maverick,User,SarahMartinez@gmail.com
22,JaneJohnson,flower,User,JaneJohnson@gmail.com
23,TaylorAdams,butterfly,User,TaylorAdams@gmail.com
24,JamesSmith,rockyou,User,JamesSmith@gmail.com
25,JacobAnderson,rainbow,User,JacobAnderson@gmail.com
26,JacobSmith,shadow,User,JacobSmith@gmail.com
27,KaylaSmith,shadow,User,KaylaSmith@gmail.com
28,DanielGarcia,rockyou,User,DanielGarcia@gmail.com
29,RachelWalker,tigger,User,RachelWalker@gmail.com
30,AndrewNguyen,lovely,User,AndrewNguyen@gmail.com
31,DanielWilson,shadow,User,DanielWilson@gmail.com
32,JoshuaWright,mickey,User,JoshuaWright@gmail.com
33,DavidAnderson,mickey,User,DavidAnderson@gmail.com
34,EmilyLee,sunshine,User,EmilyLee@gmail.com
35,JamesWalker,mickey,User,JamesWalker@gmail.com
36,RachelTorres,monkey123,User,RachelTorres@gmail.com
37,SarahDavis,ginger,User,SarahDavis@gmail.com
38,SamanthaRobinson,1234567890,User,SamanthaRobinson@gmail.com
39,JamesDavis,1234567890,User,JamesDavis@gmail.com
40,DavidHarris,abc12345,User,DavidHarris@gmail.com
